,10,11,12,13,87,88,90,91
cpd00001,-0.441701914429,-0.441701914429,-0.441701914429,-0.441701914429,-0.441701914429,-0.441701914429,-0.441701914429,-0.441701914429
cpd00006,-0.727237702341,-0.727237702341,-0.727237702341,-0.727237702341,-1.76638295955,-1.76638295955,-1.76638295955,-1.76638295955
cpd00007,-0.619102975136,-0.619102975136,-0.619102975136,-0.619102975136,-0.619102975136,-0.619102975136,-0.619102975136,-0.619102975136
cpd00009,-0.938350091583,-0.938350091583,-0.938350091583,-0.938350091583,-0.938350091583,-0.938350091583,-0.938350091583,-0.938350091583
cpd00010,-0.271620020514,-0.271620020514,-0.271620020514,-0.271620020514,-0.271620020514,-0.271620020514,-0.271620020514,-0.271620020514
cpd00011,-0.890318287048,-0.890318287048,-0.890318287048,-0.890318287048,-0.890318287048,-0.890318287048,-0.890318287048,-0.890318287048
cpd00012,-0.387960030921,-0.387960030921,-0.387960030921,-0.387960030921,-0.387960030921,-0.387960030921,-0.387960030921,-0.387960030921
cpd00013,-0.985919136045,-0.985919136045,-0.985919136045,-0.985919136045,-2.27165969793,-2.27165969793,-2.27165969793,-2.27165969793
cpd00017,-0.321018069797,-0.321018069797,-0.321018069797,-0.321018069797,-0.321018069797,-0.321018069797,-0.321018069797,-0.321018069797
cpd00018,-0.630179347508,-0.630179347508,-0.630179347508,-0.630179347508,-0.630179347508,-0.630179347508,-0.630179347508,-0.630179347508
cpd00020,-0.0332479879007,-0.0332479879007,-0.0332479879007,-0.0332479879007,-0.0332479879007,-0.0332479879007,-0.0332479879007,-0.0332479879007
cpd00023,-0.119187935598,-0.119187935598,-0.119187935598,-0.119187935598,-0.119187935598,-0.119187935598,-0.119187935598,-0.119187935598
cpd00024,-0.427306652379,-0.427306652379,-0.427306652379,-0.427306652379,-0.427306652379,-0.427306652379,-0.427306652379,-0.427306652379
cpd00027,-0.642526690778,-0.642526690778,-0.642526690778,-0.642526690778,-0.642526690778,-0.642526690778,-0.642526690778,-0.642526690778
cpd00028,-0.63760324378,-0.63760324378,-0.63760324378,-0.63760324378,-1.69116254902,-1.69116254902,-1.69116254902,-1.69116254902
cpd00029,-0.736565830944,-0.736565830944,-0.736565830944,-0.736565830944,-0.736565830944,-0.736565830944,-0.736565830944,-0.736565830944
cpd00030,-0.69480408176,-0.69480408176,-0.69480408176,-0.69480408176,-0.69480408176,-0.69480408176,-0.69480408176,-0.69480408176
cpd00032,-0.916454330327,-0.916454330327,-0.916454330327,-0.916454330327,-0.916454330327,-0.916454330327,-0.916454330327,-0.916454330327
cpd00033,-0.468162474843,-0.468162474843,-0.468162474843,-0.468162474843,-0.468162474843,-0.468162474843,-0.468162474843,-0.468162474843
cpd00034,-0.77150939376,-0.77150939376,-0.77150939376,-0.77150939376,-0.77150939376,-0.77150939376,-0.77150939376,-0.77150939376
cpd00035,-0.480083355284,-0.480083355284,-0.480083355284,-0.480083355284,-0.480083355284,-0.480083355284,-0.480083355284,-0.480083355284
cpd00036,-0.234600944696,-0.234600944696,-0.234600944696,-0.234600944696,-0.234600944696,-0.234600944696,-0.234600944696,-0.234600944696
cpd00038,-0.343990635608,-0.343990635608,-0.343990635608,-0.343990635608,-0.343990635608,-0.343990635608,-0.343990635608,-0.343990635608
cpd00039,-0.59551103838,-0.59551103838,-0.59551103838,-0.59551103838,-1.14486142861,-1.14486142861,-1.14486142861,-1.14486142861
cpd00041,-0.141584967431,-0.141584967431,-0.141584967431,-0.141584967431,-0.141584967431,-0.141584967431,-0.141584967431,-0.141584967431
cpd00042,-0.426658953216,-0.426658953216,-0.426658953216,-0.426658953216,0.0305609979941,0.0305609979941,0.0305609979941,0.0305609979941
cpd00046,-0.956713645924,-0.956713645924,-0.956713645924,-0.956713645924,-0.956713645924,-0.956713645924,-0.956713645924,-0.956713645924
cpd00047,-0.826167117333,-0.826167117333,-0.826167117333,-0.826167117333,0.103883183372,0.103883183372,0.103883183372,0.103883183372
cpd00048,-0.699090219761,-0.699090219761,-0.699090219761,-0.699090219761,-0.699090219761,-0.699090219761,-0.699090219761,-0.699090219761
cpd00051,-0.180367595837,-0.180367595837,-0.180367595837,-0.180367595837,-0.180367595837,-0.180367595837,-0.180367595837,-0.180367595837
cpd00053,-0.289024908167,-0.289024908167,-0.289024908167,-0.289024908167,-0.289024908167,-0.289024908167,-0.289024908167,-0.289024908167
cpd00054,-0.835316462454,-0.835316462454,-0.835316462454,-0.835316462454,-0.835316462454,-0.835316462454,-0.835316462454,-0.835316462454
cpd00058,-0.231646276401,-0.231646276401,-0.231646276401,-0.231646276401,-0.231646276401,-0.231646276401,-0.231646276401,-0.231646276401
cpd00060,-0.527202488215,-0.527202488215,-0.527202488215,-0.527202488215,-0.527202488215,-0.527202488215,-0.527202488215,-0.527202488215
cpd00063,-0.459866421486,-0.459866421486,-0.459866421486,-0.459866421486,-0.459866421486,-0.459866421486,-0.459866421486,-0.459866421486
cpd00064,-0.352724404068,-0.352724404068,-0.352724404068,-0.352724404068,-0.352724404068,-0.352724404068,-0.352724404068,-0.352724404068
cpd00065,-0.816903265261,-0.816903265261,-0.816903265261,-0.816903265261,-0.816903265261,-0.816903265261,-0.816903265261,-0.816903265261
cpd00066,-0.813738357412,-0.813738357412,-0.813738357412,-0.813738357412,-0.813738357412,-0.813738357412,-0.813738357412,-0.813738357412
cpd00067,-0.336421125756,-0.336421125756,-0.336421125756,-0.336421125756,-0.336421125756,-0.336421125756,-0.336421125756,-0.336421125756
cpd00069,-0.774481748159,-0.774481748159,-0.774481748159,-0.774481748159,-0.774481748159,-0.774481748159,-0.774481748159,-0.774481748159
cpd00071,-0.509795721739,-0.509795721739,-0.509795721739,-0.509795721739,-0.509795721739,-0.509795721739,-0.509795721739,-0.509795721739
cpd00073,-0.174164932573,-0.174164932573,-0.174164932573,-0.174164932573,-0.174164932573,-0.174164932573,-0.174164932573,-0.174164932573
cpd00075,-0.340663094648,-0.340663094648,-0.340663094648,-0.340663094648,-0.340663094648,-0.340663094648,-0.340663094648,-0.340663094648
cpd00076,-0.783993524891,-0.783993524891,-0.783993524891,-0.783993524891,-0.783993524891,-0.783993524891,-0.783993524891,-0.783993524891
cpd00079,-0.00690613110538,-0.00690613110538,-0.00690613110538,-0.00690613110538,-0.00690613110538,-0.00690613110538,-0.00690613110538,-0.00690613110538
cpd00080,-0.449705681641,-0.449705681641,-0.449705681641,-0.449705681641,-0.449705681641,-0.449705681641,-0.449705681641,-0.449705681641
cpd00081,-0.751801020638,-0.751801020638,-0.751801020638,-0.751801020638,-0.751801020638,-0.751801020638,-0.751801020638,-0.751801020638
cpd00082,-0.941512056367,-0.941512056367,-0.941512056367,-0.941512056367,-1.75910621338,-1.75910621338,-1.75910621338,-1.75910621338
cpd00084,-0.571923660335,-0.571923660335,-0.571923660335,-0.571923660335,-0.571923660335,-0.571923660335,-0.571923660335,-0.571923660335
cpd00092,-0.972806222842,-0.972806222842,-0.972806222842,-0.972806222842,-0.972806222842,-0.972806222842,-0.972806222842,-0.972806222842
cpd00094,-0.330868533495,-0.330868533495,-0.330868533495,-0.330868533495,-1.31468043168,-1.31468043168,-1.31468043168,-1.31468043168
cpd00098,-0.849171259433,-0.849171259433,-0.849171259433,-0.849171259433,-1.82420261077,-1.82420261077,-1.82420261077,-1.82420261077
cpd00099,-0.969459293209,-0.969459293209,-0.969459293209,-0.969459293209,-0.969459293209,-0.969459293209,-0.969459293209,-0.969459293209
cpd00100,-0.168633077728,-0.168633077728,-0.168633077728,-0.168633077728,1.59283113497,1.59283113497,1.59283113497,1.59283113497
cpd00104,-0.379692243893,-0.379692243893,-0.379692243893,-0.379692243893,-0.379692243893,-0.379692243893,-0.379692243893,-0.379692243893
cpd00105,-0.845417451615,-0.845417451615,-0.845417451615,-0.845417451615,-0.845417451615,-0.845417451615,-0.845417451615,-0.845417451615
cpd00106,-0.804802451718,-0.804802451718,-0.804802451718,-0.804802451718,-0.804802451718,-0.804802451718,-0.804802451718,-0.804802451718
cpd00107,-0.303547972223,-0.303547972223,-0.303547972223,-0.303547972223,-0.303547972223,-0.303547972223,-0.303547972223,-0.303547972223
cpd00108,-0.448841312068,-0.448841312068,-0.448841312068,-0.448841312068,-2.01915976557,-2.01915976557,-2.01915976557,-2.01915976557
cpd00111,-0.395149125809,-0.395149125809,-0.395149125809,-0.395149125809,-0.395149125809,-0.395149125809,-0.395149125809,-0.395149125809
cpd00115,-0.423494195765,-0.423494195765,-0.423494195765,-0.423494195765,-0.423494195765,-0.423494195765,-0.423494195765,-0.423494195765
cpd00116,-0.00589080033629,-0.00589080033629,-0.00589080033629,-0.00589080033629,-0.00589080033629,-0.00589080033629,-0.00589080033629,-0.00589080033629
cpd00117,-0.201316010204,-1.42348086104,-1.42348086104,-1.42348086104,-1.42348086104,-1.42348086104,-1.42348086104,-1.42348086104
cpd00118,-0.696029991111,-0.696029991111,-0.696029991111,-0.696029991111,-0.696029991111,-0.696029991111,-0.696029991111,-0.696029991111
cpd00119,-0.562459868015,-0.562459868015,-0.562459868015,-0.562459868015,-0.562459868015,-0.562459868015,-0.562459868015,-0.562459868015
cpd00121,-0.973533403863,-0.973533403863,-0.973533403863,-0.973533403863,-0.973533403863,-0.973533403863,-0.973533403863,-0.973533403863
cpd00122,-0.05888559518,-0.05888559518,-0.05888559518,-0.05888559518,-0.05888559518,-0.05888559518,-0.05888559518,-0.05888559518
cpd00128,-0.14152942868,-0.14152942868,-0.14152942868,-0.14152942868,-0.14152942868,-0.14152942868,-0.14152942868,-0.14152942868
cpd00129,-0.646621863371,-0.646621863371,-0.646621863371,-0.646621863371,-0.224565941039,-0.224565941039,-0.224565941039,-0.224565941039
cpd00130,-0.818053920265,-0.818053920265,-0.818053920265,-0.818053920265,-0.818053920265,-0.818053920265,-0.818053920265,-0.818053920265
cpd00132,-0.778015429484,-0.778015429484,-0.778015429484,-0.778015429484,-0.778015429484,-0.778015429484,-0.778015429484,-0.778015429484
cpd00133,-0.988142622187,-0.988142622187,-0.988142622187,-0.988142622187,-0.988142622187,-0.988142622187,-0.988142622187,-0.988142622187
cpd00136,-0.553090623166,-0.553090623166,-0.553090623166,-0.553090623166,-0.553090623166,-0.553090623166,-0.553090623166,-0.553090623166
cpd00137,-0.0636423485645,-0.0636423485645,-0.0636423485645,-0.0636423485645,-0.0636423485645,-0.0636423485645,-0.0636423485645,-0.0636423485645
cpd00138,-0.612020276183,-0.612020276183,-0.612020276183,-0.612020276183,-0.612020276183,-0.612020276183,-0.612020276183,-0.612020276183
cpd00139,-0.229755511349,-0.229755511349,-0.229755511349,-0.229755511349,-0.229755511349,-0.229755511349,-0.229755511349,-0.229755511349
cpd00141,-0.383269619859,-0.383269619859,-0.383269619859,-0.383269619859,-0.383269619859,-0.383269619859,-0.383269619859,-0.383269619859
cpd00142,-0.255568073181,-0.255568073181,-0.255568073181,-0.255568073181,-0.255568073181,-0.255568073181,-0.255568073181,-0.255568073181
cpd00143,-0.369462376127,-0.369462376127,-0.369462376127,-0.369462376127,-0.369462376127,-0.369462376127,-0.369462376127,-0.369462376127
cpd00149,-0.732824696521,-0.732824696521,-0.732824696521,-0.732824696521,-0.732824696521,-0.732824696521,-0.732824696521,-0.732824696521
cpd00152,-0.567950472943,-0.567950472943,-0.567950472943,-0.567950472943,-0.567950472943,-0.567950472943,-0.567950472943,-0.567950472943
cpd00154,-0.954658665976,-0.954658665976,-0.954658665976,-0.954658665976,-0.954733512058,-0.954733512058,-0.954733512058,-0.954733512058
cpd00156,-0.359163424664,-0.359163424664,-0.359163424664,-0.359163424664,-1.07026295591,-1.07026295591,-1.07026295591,-1.07026295591
cpd00158,-0.0786609869884,-0.0786609869884,-0.0786609869884,-0.0786609869884,1.79020207681,1.79020207681,1.79020207681,1.79020207681
cpd00159,-0.860328031134,-0.860328031134,-0.860328031134,-0.860328031134,-0.860328031134,-0.860328031134,-0.860328031134,-0.860328031134
cpd00161,-0.735851756991,-0.735851756991,-0.735851756991,-0.735851756991,-0.735851756991,-0.735851756991,-0.735851756991,-0.735851756991
cpd00162,-0.145953444871,-0.145953444871,-0.145953444871,-0.145953444871,-0.145953444871,-0.145953444871,-0.145953444871,-0.145953444871
cpd00164,-0.920996718109,-0.920996718109,-0.920996718109,-0.920996718109,-0.920996718109,-0.920996718109,-0.920996718109,-0.920996718109
cpd00176,-0.115058866252,-0.115058866252,-0.115058866252,-0.115058866252,-0.115058866252,-0.115058866252,-0.115058866252,-0.115058866252
cpd00179,-0.252556838837,-0.252556838837,-0.252556838837,-0.252556838837,-0.252556838837,-0.252556838837,-0.252556838837,-0.252556838837
cpd00180,-0.242720845047,-0.242720845047,-0.242720845047,-0.242720845047,-0.242720845047,-0.242720845047,-0.242720845047,-0.242720845047
cpd00182,-0.48302024411,-0.48302024411,-0.48302024411,-0.48302024411,-0.48302024411,-0.48302024411,-0.48302024411,-0.48302024411
cpd00184,-0.207455863957,-0.207455863957,-0.207455863957,-0.207455863957,-0.207455863957,-0.207455863957,-0.207455863957,-0.207455863957
cpd00185,-0.188546198702,-0.188546198702,-0.188546198702,-0.188546198702,-0.188546198702,-0.188546198702,-0.188546198702,-0.188546198702
cpd00205,-0.656664566051,-0.656664566051,-0.656664566051,-0.656664566051,-0.656664566051,-0.656664566051,-0.656664566051,-0.656664566051
cpd00207,-0.46466660233,-0.46466660233,-0.46466660233,-0.46466660233,-0.46466660233,-0.46466660233,-0.46466660233,-0.895336357916
cpd00208,-0.880949713819,-0.880949713819,-0.880949713819,-0.880949713819,-0.880949713819,-0.880949713819,-0.880949713819,-0.880949713819
cpd00209,-0.559112832388,-0.559112832388,-0.559112832388,-0.559112832388,-0.559112832388,-0.559112832388,-0.559112832388,-0.559112832388
cpd00210,-0.688790248139,-0.688790248139,0.818202052113,0.818202052113,0.818202052113,0.818202052113,0.818202052113,0.818202052113
cpd00211,-0.27074000329,-0.27074000329,-0.27074000329,-0.27074000329,-0.27074000329,-0.27074000329,-0.27074000329,-0.27074000329
cpd00214,-0.494116170302,-0.494116170302,-0.494116170302,-0.494116170302,-0.494116170302,-0.494116170302,-0.494116170302,-0.494116170302
cpd00215,-0.229031201814,-0.229031201814,-0.229031201814,-0.229031201814,-0.229031201814,-0.229031201814,-0.229031201814,-0.229031201814
cpd00216,-0.43853286709,-0.43853286709,-0.43853286709,-0.43853286709,-0.43853286709,-0.43853286709,-0.43853286709,-0.43853286709
cpd00218,-0.0389436913115,-0.0389436913115,-0.0389436913115,-0.0389436913115,-0.0389436913115,-0.0389436913115,-0.0389436913115,-0.0389436913115
cpd00220,-0.670685125491,-0.670685125491,-0.670685125491,-0.670685125491,1.12185181304,1.12185181304,1.12185181304,1.12185181304
cpd00221,-0.329817422007,-0.329817422007,-0.329817422007,-0.329817422007,-0.329817422007,-0.329817422007,-0.329817422007,-0.329817422007
cpd00222,-0.534669486501,-0.534669486501,-0.534669486501,-0.534669486501,-0.534669486501,-0.534669486501,-0.534669486501,-0.534669486501
cpd00224,-0.351263486324,-0.351263486324,-0.351263486324,-0.351263486324,-0.351263486324,-0.351263486324,-0.351263486324,-0.351263486324
cpd00226,-0.650082813044,-0.650082813044,-0.650082813044,-0.650082813044,-0.650082813044,-0.650082813044,-0.650082813044,-0.650082813044
cpd00229,-0.790730931662,-0.790730931662,-0.790730931662,-0.790730931662,-0.790730931662,-0.790730931662,-0.790730931662,-0.790730931662
cpd00232,-0.973695463334,-0.973695463334,-0.973695463334,-0.973695463334,-0.973695463334,-0.973695463334,-0.973695463334,-0.973695463334
cpd00235,-0.708745178735,-0.708745178735,-0.708745178735,-0.708745178735,-0.708745178735,-0.708745178735,-0.708745178735,-0.708745178735
cpd00239,-0.359758433293,-0.359758433293,-0.359758433293,-0.359758433293,-0.359758433293,-0.359758433293,-0.359758433293,-0.359758433293
cpd00244,-0.908804472888,-0.908804472888,-0.908804472888,-0.908804472888,-0.908804472888,-0.908804472888,-0.908804472888,-0.908804472888
cpd00246,-0.525186498689,-0.525186498689,-0.525186498689,-0.525186498689,-0.525186498689,-0.525186498689,-0.525186498689,-0.525186498689
cpd00249,-0.623522377925,-0.623522377925,-0.623522377925,-0.623522377925,-0.623522377925,-0.623522377925,-0.623522377925,-0.623522377925
cpd00254,-0.850612781133,-0.850612781133,-0.850612781133,-0.850612781133,0.644872755858,0.644872755858,0.644872755858,0.644872755858
cpd00263,-0.185263277978,-0.185263277978,-0.185263277978,-0.185263277978,-0.185263277978,-0.185263277978,-0.185263277978,-0.185263277978
cpd00264,-0.619229121634,-0.619229121634,-0.619229121634,-0.619229121634,-0.619229121634,-0.619229121634,-0.619229121634,-0.619229121634
cpd00265,-0.567810807944,-0.567810807944,-0.567810807944,-0.567810807944,-1.81933086795,-1.81933086795,-1.81933086795,-1.81933086795
cpd00266,-0.527342118537,-0.527342118537,-0.527342118537,-0.527342118537,-0.862958895658,-0.862958895658,-0.862958895658,-0.862958895658
cpd00268,-0.257117522182,-0.257117522182,-0.257117522182,-0.257117522182,-0.257117522182,-0.257117522182,-0.257117522182,-0.257117522182
cpd00276,-0.421403157919,-0.421403157919,-0.421403157919,-0.421403157919,-0.421403157919,-0.421403157919,-0.421403157919,-0.421403157919
cpd00277,-0.133888663555,-0.133888663555,-0.133888663555,-0.133888663555,1.40939480887,1.40939480887,1.40939480887,1.40939480887
cpd00280,-0.954697385052,-0.954697385052,-0.954697385052,-0.954697385052,-0.954697385052,-0.954697385052,-0.954697385052,-0.954697385052
cpd00281,-0.772983931549,-0.772983931549,-0.772983931549,-0.772983931549,-0.772983931549,-0.772983931549,-0.772983931549,-0.772983931549
cpd00298,-0.837474047307,-0.837474047307,-0.837474047307,-0.837474047307,-1.38130976387,-1.38130976387,-1.38130976387,-1.38130976387
cpd00305,-0.168684147417,-0.168684147417,-0.168684147417,-0.168684147417,-0.215897189929,-0.215897189929,-0.215897189929,-0.215897189929
cpd00307,-0.61028450462,-0.61028450462,-0.61028450462,-0.61028450462,-0.61028450462,-0.61028450462,-0.61028450462,-0.61028450462
cpd00308,-0.649555455151,-0.649555455151,-0.649555455151,-0.649555455151,-0.649555455151,-0.649555455151,-0.649555455151,-0.649555455151
cpd00309,-0.276576774097,-0.276576774097,-0.276576774097,-0.276576774097,-0.276576774097,-0.276576774097,-0.276576774097,-0.276576774097
cpd00311,-0.823765939298,-0.823765939298,-0.823765939298,-0.823765939298,-0.823765939298,-0.823765939298,-0.823765939298,-0.823765939298
cpd00314,-0.253465739376,-0.253465739376,-0.253465739376,-0.253465739376,-0.253465739376,-0.253465739376,-0.253465739376,-0.253465739376
cpd00322,-0.403934309509,-0.403934309509,-0.403934309509,-0.403934309509,-0.403934309509,-0.403934309509,-0.403934309509,-0.403934309509
cpd00324,-0.615486973996,-0.615486973996,-0.615486973996,-0.615486973996,-0.615486973996,-0.615486973996,-0.615486973996,-0.615486973996
cpd00333,-0.508594549916,-0.508594549916,-0.508594549916,-0.508594549916,-0.508594549916,-0.508594549916,-0.508594549916,-0.508594549916
cpd00339,-0.330228564127,-0.330228564127,-0.330228564127,-0.330228564127,-0.330228564127,-0.330228564127,-0.330228564127,-0.330228564127
cpd00355,-0.249771001614,-0.249771001614,-0.249771001614,-0.249771001614,-0.249771001614,-0.249771001614,-0.249771001614,-0.249771001614
cpd00357,-0.306344032917,-0.306344032917,-0.306344032917,-0.306344032917,-0.306344032917,-0.306344032917,-0.306344032917,-0.306344032917
cpd00359,-0.951600865947,-0.951600865947,-0.951600865947,-0.951600865947,-0.951600865947,-0.951600865947,-0.951600865947,-0.951600865947
cpd00363,-0.520777511974,-0.520777511974,-0.520777511974,-0.520777511974,-0.520777511974,-0.520777511974,-0.520777511974,-0.520777511974
cpd00367,-0.837696752227,-0.837696752227,-0.837696752227,-0.837696752227,-0.837696752227,-0.837696752227,-0.837696752227,-0.837696752227
cpd00374,-0.61945923565,-0.61945923565,-0.61945923565,-0.61945923565,-0.61945923565,-0.61945923565,-0.61945923565,-0.61945923565
cpd00379,-0.375740952596,-0.375740952596,-0.375740952596,-0.375740952596,-0.375740952596,-0.375740952596,-0.375740952596,-0.375740952596
cpd00382,-0.108547647138,-0.108547647138,-0.108547647138,-0.108547647138,-0.108547647138,-0.108547647138,-0.108547647138,-0.108547647138
cpd00393,-0.340267489735,-0.340267489735,-0.340267489735,-0.340267489735,-0.340267489735,-0.340267489735,-0.340267489735,-0.340267489735
cpd00395,-0.256581726559,-0.256581726559,-0.256581726559,-0.256581726559,-1.01797464456,-1.01797464456,-1.01797464456,-1.01797464456
cpd00396,-0.120255747543,-0.120255747543,-0.120255747543,-0.120255747543,-0.120255747543,-0.120255747543,-0.120255747543,-0.120255747543
cpd00412,-0.691085448344,-0.691085448344,-0.691085448344,-0.691085448344,-2.13716596287,-2.13716596287,-2.13716596287,-2.13716596287
cpd00418,-0.293724887849,-0.293724887849,-0.293724887849,-0.293724887849,-0.293724887849,-0.293724887849,-0.293724887849,-0.293724887849
cpd00419,-0.857933455031,-0.857933455031,-0.857933455031,-0.857933455031,-0.857933455031,-0.857933455031,-0.857933455031,-0.857933455031
cpd00421,-0.582042222287,-0.582042222287,-0.582042222287,-0.582042222287,-0.582042222287,-0.582042222287,-0.582042222287,-0.582042222287
cpd00423,-0.0378710329383,-0.0378710329383,-0.0378710329383,-0.0378710329383,-0.0378710329383,-0.0378710329383,-0.0378710329383,-0.0378710329383
cpd00430,-0.334409816909,-0.334409816909,-0.334409816909,-0.334409816909,-0.334409816909,-0.334409816909,-0.334409816909,-0.334409816909
cpd00438,-0.0639755153086,-0.0639755153086,-0.0639755153086,-0.0639755153086,0.394618081176,-0.242128192431,-0.242128192431,-0.242128192431
cpd00441,-0.862266270716,-0.862266270716,-0.862266270716,-0.862266270716,-0.862266270716,-0.862266270716,-0.862266270716,-0.862266270716
cpd00443,-0.522347711841,-0.522347711841,-0.522347711841,-0.522347711841,-0.522347711841,-0.522347711841,-0.522347711841,-0.522347711841
cpd00450,-0.203959945517,-0.203959945517,-0.203959945517,-0.203959945517,-0.203959945517,-0.203959945517,-0.203959945517,-0.203959945517
cpd00453,-0.871445534916,-0.871445534916,-0.871445534916,-0.871445534916,-0.871445534916,-0.871445534916,-0.871445534916,-0.871445534916
cpd00489,-0.00360492580617,-0.00360492580617,-0.00360492580617,-0.00360492580617,-0.00360492580617,-0.00360492580617,-0.00360492580617,-0.00360492580617
cpd00492,-0.622421545795,-0.622421545795,-0.622421545795,-0.622421545795,-0.822497177163,-0.822497177163,-0.822497177163,-0.822497177163
cpd00508,-0.710797749038,-0.710797749038,-0.710797749038,-0.710797749038,-0.710797749038,-0.710797749038,-0.710797749038,-0.710797749038
cpd00516,-0.999730920904,-0.999730920904,-0.999730920904,-0.999730920904,-2.03149241275,-2.03149241275,-2.03149241275,-2.03149241275
cpd00528,-0.733455063111,-0.733455063111,-0.733455063111,-0.733455063111,-1.49074018728,-1.49074018728,-1.49074018728,-1.49074018728
cpd00531,-0.187582125364,-0.187582125364,-0.187582125364,-0.187582125364,-0.187582125364,-0.187582125364,-0.187582125364,-0.187582125364
cpd00540,-0.162938021983,-0.162938021983,-0.162938021983,-0.162938021983,-0.162938021983,-0.162938021983,-0.162938021983,-0.162938021983
cpd00550,-0.458881364143,-0.458881364143,-0.458881364143,-0.458881364143,-0.458881364143,-0.458881364143,-0.458881364143,-0.458881364143
cpd00557,-0.529494634085,-0.529494634085,-0.529494634085,-0.529494634085,-0.529494634085,-0.529494634085,-0.529494634085,-0.529494634085
cpd00573,-0.244187362843,-0.244187362843,-0.244187362843,-0.244187362843,-0.244187362843,-0.244187362843,-0.244187362843,-0.244187362843
cpd00588,-0.40452069086,-0.40452069086,-0.40452069086,-0.40452069086,-0.40452069086,-0.40452069086,-0.40452069086,-0.40452069086
cpd00609,-0.180950778143,-0.180950778143,-0.180950778143,-0.180950778143,-0.180950778143,-0.180950778143,-0.180950778143,-0.180950778143
cpd00635,-0.930338914937,-0.930338914937,-0.930338914937,-0.930338914937,-2.4781831603,-2.4781831603,-2.4781831603,-2.4781831603
cpd00637,-0.532352591815,-0.532352591815,-0.532352591815,-0.532352591815,-0.532352591815,-0.532352591815,-0.532352591815,-0.532352591815
cpd00644,-0.732165656198,-0.732165656198,-0.732165656198,-0.732165656198,-0.732165656198,-0.732165656198,-0.732165656198,-0.732165656198
cpd00652,-0.215276115429,-0.215276115429,-0.215276115429,-0.215276115429,-0.215276115429,-0.215276115429,-0.215276115429,-0.215276115429
cpd00653,-0.703150476627,-0.703150476627,-0.703150476627,-0.703150476627,-0.703150476627,-0.703150476627,-0.703150476627,-0.703150476627
cpd00654,-0.992653387805,-0.992653387805,-0.992653387805,-0.992653387805,-2.17153937444,-2.17153937444,-2.17153937444,-2.17153937444
cpd00655,-0.170635812434,-0.170635812434,-0.170635812434,-0.170635812434,-0.170635812434,-0.170635812434,-0.170635812434,-0.170635812434
cpd00656,-0.224881188683,-0.224881188683,-0.224881188683,-0.224881188683,-0.224881188683,-0.224881188683,-0.224881188683,-0.224881188683
cpd00659,-0.505866598975,-0.505866598975,-0.505866598975,-0.505866598975,-0.505866598975,-0.505866598975,-0.505866598975,-0.505866598975
cpd00681,-0.535304960803,-0.535304960803,-0.535304960803,-0.535304960803,-0.535304960803,-0.535304960803,-0.535304960803,-0.535304960803
cpd00703,-0.66806745576,-0.66806745576,-0.66806745576,-0.66806745576,-0.66806745576,-0.66806745576,-0.66806745576,-0.66806745576
cpd00751,-0.585251708896,-0.585251708896,-0.585251708896,-0.585251708896,-0.585251708896,-0.585251708896,-0.585251708896,-0.585251708896
cpd00793,-0.498893387609,-0.498893387609,-0.498893387609,-0.498893387609,-0.498893387609,-0.498893387609,-0.498893387609,-0.498893387609
cpd00794,-0.1154880861,-0.1154880861,-0.1154880861,-0.1154880861,-0.1154880861,-0.1154880861,-0.1154880861,-0.1154880861
cpd00797,-0.341892716225,-0.341892716225,-0.341892716225,-0.341892716225,-0.341892716225,-0.341892716225,-0.341892716225,-0.341892716225
cpd00811,-2.04338966791,-2.04338966791,-2.04338966791,-2.04338966791,-3.16476666059,-3.16476666059,-3.16476666059,-3.16476666059
cpd00832,-0.245222573238,-0.245222573238,-0.245222573238,-0.245222573238,-0.531709581253,-0.531709581253,-0.531709581253,-0.531709581253
cpd00854,-0.173616270235,-0.173616270235,-0.173616270235,-0.173616270235,-0.173616270235,-0.173616270235,-0.173616270235,-0.173616270235
cpd00870,-0.371637389488,-0.371637389488,-0.371637389488,-0.371637389488,-0.371637389488,-0.371637389488,-0.371637389488,-0.371637389488
cpd00875,-0.494468156892,-0.494468156892,-0.494468156892,-0.494468156892,-0.494468156892,-0.494468156892,-0.494468156892,-0.494468156892
cpd00971,-0.055005974264,-0.055005974264,-0.055005974264,-0.055005974264,-0.055005974264,-0.055005974264,-0.055005974264,-0.055005974264
cpd01012,-0.60841353431,-0.60841353431,-0.60841353431,-0.60841353431,-0.60841353431,-0.60841353431,-0.60841353431,-0.60841353431
cpd01015,-0.984917868079,-0.984917868079,-0.984917868079,-0.984917868079,-0.984917868079,-0.984917868079,-0.984917868079,-0.984917868079
cpd01017,-0.308259330671,-0.308259330671,-0.308259330671,-0.308259330671,-0.308259330671,-0.308259330671,-0.308259330671,-0.308259330671
cpd01030,-0.572939561904,-0.572939561904,-0.572939561904,-0.572939561904,1.35595650092,1.35595650092,1.35595650092,1.35595650092
cpd01048,-0.95773660374,-0.95773660374,-0.95773660374,-0.95773660374,-2.57027884889,-2.57027884889,-2.57027884889,-2.57027884889
cpd01080,-0.752911587219,-0.752911587219,-0.752911587219,-0.752911587219,-0.752911587219,-0.752911587219,-0.752911587219,-0.752911587219
cpd01092,-0.294235253999,-0.294235253999,-0.294235253999,-0.294235253999,-0.294235253999,-0.294235253999,-0.294235253999,-0.294235253999
cpd01133,-0.021751543485,-0.021751543485,-0.021751543485,-0.021751543485,-0.021751543485,-0.021751543485,-0.021751543485,-0.021751543485
cpd01155,-0.278400532339,-0.278400532339,-0.278400532339,-0.278400532339,-0.278400532339,-0.278400532339,-0.278400532339,-0.278400532339
cpd01157,-0.760723296454,-0.760723296454,-0.760723296454,-0.760723296454,-0.760723296454,-0.760723296454,-0.760723296454,-0.760723296454
cpd01171,-0.75334977104,-0.75334977104,-0.75334977104,-0.75334977104,-2.52776819663,-2.52776819663,-2.52776819663,-2.52776819663
cpd01187,-0.179076582003,-0.179076582003,-0.179076582003,-0.179076582003,-0.179076582003,-0.179076582003,-0.179076582003,-0.179076582003
cpd01188,-0.899199528152,-0.899199528152,-0.899199528152,-0.899199528152,-0.899199528152,-0.899199528152,-0.899199528152,-0.899199528152
cpd01217,-0.491154038008,-0.491154038008,-0.491154038008,-0.491154038008,0.815384206607,0.815384206607,0.815384206607,0.815384206607
cpd01242,-0.97447889607,-0.97447889607,-0.97447889607,-0.97447889607,-1.55543633483,-1.55543633483,-1.55543633483,-1.55543633483
cpd01262,-0.696141144284,-0.696141144284,-0.696141144284,-0.696141144284,-0.696141144284,-0.696141144284,-0.696141144284,-0.696141144284
cpd01329,-0.206011213078,-0.206011213078,-0.206011213078,-0.206011213078,-0.206011213078,-0.206011213078,-0.206011213078,-0.206011213078
cpd01400,-0.959473763117,-0.959473763117,-0.959473763117,-0.959473763117,-1.14393724718,-1.14393724718,-1.14393724718,-1.14393724718
cpd01618,-0.988968431737,-0.988968431737,-0.988968431737,-0.988968431737,-0.988968431737,-0.988968431737,-0.988968431737,-0.988968431737
cpd01711,-0.219608912197,-0.219608912197,-0.219608912197,-0.219608912197,-0.219608912197,-0.219608912197,-0.219608912197,-0.219608912197
cpd01727,-0.0753811415783,-0.0753811415783,-0.0753811415783,-0.0753811415783,-0.0753811415783,-0.0753811415783,-0.0753811415783,-0.0753811415783
cpd01741,-0.467465568097,-0.467465568097,-0.467465568097,-0.467465568097,1.43586923855,1.43586923855,1.43586923855,1.43586923855
cpd01912,-0.696404948546,-0.696404948546,-0.696404948546,-0.696404948546,0.620665717416,0.620665717416,0.620665717416,0.620665717416
cpd01914,-0.35025903467,-0.35025903467,-0.35025903467,-0.35025903467,0.811922905148,0.811922905148,0.811922905148,0.811922905148
cpd02227,-0.705860779593,-0.705860779593,-0.705860779593,-0.705860779593,-0.705860779593,-0.705860779593,-0.705860779593,-0.705860779593
cpd02361,-0.30846615062,-0.30846615062,-0.30846615062,-0.30846615062,-0.30846615062,-0.30846615062,-0.30846615062,-0.30846615062
cpd02501,-0.248573095183,-0.248573095183,-0.248573095183,-0.248573095183,-0.248573095183,-0.248573095183,-0.248573095183,-0.248573095183
cpd03048,-0.00117486791971,-0.00117486791971,-0.00117486791971,-0.00117486791971,-0.00117486791971,-0.00117486791971,-0.00117486791971,-0.00117486791971
cpd03091,-0.773268643463,-0.773268643463,-0.773268643463,-0.773268643463,-0.773268643463,-0.773268643463,-0.773268643463,-0.773268643463
cpd03198,-0.867387840237,-0.867387840237,-0.867387840237,-0.867387840237,-0.867387840237,-0.867387840237,-0.867387840237,-0.867387840237
cpd03200,-0.33585803189,-0.33585803189,-0.33585803189,-0.33585803189,-0.542050827365,-0.542050827365,-0.542050827365,-0.542050827365
cpd03279,-0.415618103763,-0.415618103763,-0.415618103763,-0.415618103763,-0.415618103763,-0.415618103763,-0.415618103763,-0.415618103763
cpd03320,-0.620159115187,-0.620159115187,-0.620159115187,-0.620159115187,-0.620159115187,-0.620159115187,-0.620159115187,-0.620159115187
cpd03343,-0.629931965406,-0.629931965406,-0.629931965406,-0.629931965406,0.394603380201,0.394603380201,0.394603380201,0.394603380201
cpd03396,-0.989396688141,-0.989396688141,-0.989396688141,-0.989396688141,-0.989396688141,-0.989396688141,-0.989396688141,-0.989396688141
cpd03422,-0.752195650478,-0.752195650478,-0.752195650478,-0.752195650478,-0.752195650478,-0.752195650478,-0.752195650478,-0.752195650478
cpd03424,-0.667115521815,-0.667115521815,-0.667115521815,-0.667115521815,-0.667115521815,-0.667115521815,-0.667115521815,-0.667115521815
cpd03480,-0.629403800869,-0.629403800869,-0.629403800869,-0.629403800869,-0.629403800869,-0.629403800869,-0.629403800869,-0.629403800869
cpd03696,-0.0260666201218,-0.0260666201218,-0.0260666201218,-0.0260666201218,-0.0260666201218,-0.0260666201218,-0.0260666201218,-0.0260666201218
cpd03724,-0.697282902607,-0.697282902607,-0.697282902607,-0.697282902607,-0.697282902607,-0.697282902607,-0.697282902607,-0.697282902607
cpd03725,-0.549041105993,-0.549041105993,-0.549041105993,-0.549041105993,-0.549041105993,-0.549041105993,-0.549041105993,-0.549041105993
cpd03847,-0.957557987643,-0.957557987643,-0.957557987643,-0.957557987643,-0.957557987643,-0.957557987643,-0.957557987643,-0.957557987643
cpd04097,-0.942578139397,-0.942578139397,-0.942578139397,-0.942578139397,-0.942578139397,-0.942578139397,-0.942578139397,-0.942578139397
cpd04098,-0.133008685635,-0.133008685635,-0.133008685635,-0.133008685635,0.903094026013,0.903094026013,0.903094026013,0.903094026013
cpd04117,-0.786605724343,-0.786605724343,-0.786605724343,-0.786605724343,-0.786605724343,-0.786605724343,-0.786605724343,-0.786605724343
cpd05565,-0.796013926583,-0.796013926583,-0.796013926583,-0.796013926583,-0.796013926583,-0.796013926583,-0.796013926583,-0.796013926583
cpd08021,-0.107598715665,-0.107598715665,-0.107598715665,-0.107598715665,-0.107598715665,-0.107598715665,-0.107598715665,-0.107598715665
cpd08023,-0.235552156281,-0.235552156281,-0.235552156281,-0.235552156281,-0.235552156281,-0.235552156281,-0.235552156281,-0.235552156281
cpd08304,-0.787019284387,-0.787019284387,-0.787019284387,-0.787019284387,-0.787019284387,-0.787019284387,-0.787019284387,-0.787019284387
cpd08305,-0.905614889703,-0.905614889703,-0.905614889703,-0.905614889703,-0.905614889703,-0.905614889703,-0.905614889703,-0.905614889703
cpd08306,-0.174606540453,-0.174606540453,-0.174606540453,-0.174606540453,-0.174606540453,-0.174606540453,-0.174606540453,-0.174606540453
cpd09254,-0.121974199956,-0.121974199956,-0.121974199956,-0.121974199956,-0.121974199956,-0.121974199956,-0.121974199956,-0.121974199956
cpd09878,-0.134728554701,-0.134728554701,-0.134728554701,-0.134728554701,-0.134728554701,-0.134728554701,-0.134728554701,-0.134728554701
cpd10515,-0.274639718735,-0.274639718735,-0.274639718735,-0.274639718735,-0.274639718735,-0.274639718735,-0.274639718735,-0.274639718735
cpd10516,-0.759612326144,-0.759612326144,-0.759612326144,-0.759612326144,-1.97965845002,-1.97965845002,-1.97965845002,-1.97965845002
cpd11416,-0.72423290196,-0.72423290196,-0.72423290196,-0.72423290196,-0.72423290196,-0.72423290196,-0.72423290196,-0.72423290196
cpd11574,-0.933596787404,-0.933596787404,-0.933596787404,-0.933596787404,0.691586880545,0.691586880545,0.691586880545,0.691586880545
cpd11575,-0.597442648472,-0.597442648472,-0.597442648472,-0.597442648472,-0.597442648472,-0.597442648472,-0.597442648472,-0.597442648472
cpd11576,-0.0169504576755,-0.0169504576755,-0.0169504576755,-0.0169504576755,-0.0169504576755,-0.0169504576755,-0.0169504576755,-0.0169504576755
cpd11578,-0.0289007370109,-0.0289007370109,-0.0289007370109,-0.0289007370109,-3.05638644683,-3.05638644683,-3.05638644683,-3.05638644683
cpd11579,-0.687256351513,-0.687256351513,-0.687256351513,-0.687256351513,-0.687256351513,-0.687256351513,-0.687256351513,-0.687256351513
cpd11580,-0.337516702581,-0.337516702581,-0.337516702581,-0.337516702581,-0.337516702581,-0.337516702581,-0.337516702581,-0.337516702581
cpd11581,-0.758377493092,-0.758377493092,-0.758377493092,-0.758377493092,-0.758377493092,-0.758377493092,-0.758377493092,-0.758377493092
cpd11582,-0.738844890542,-0.738844890542,-0.738844890542,-0.738844890542,-0.738844890542,-0.738844890542,-0.738844890542,-0.738844890542
cpd11583,-0.0460798318067,-0.0460798318067,-0.0460798318067,-0.0460798318067,-0.0460798318067,-0.0460798318067,-0.0460798318067,-0.0460798318067
cpd11584,-0.422914920819,-0.422914920819,-0.422914920819,-0.422914920819,-0.422914920819,-0.422914920819,-0.422914920819,-0.422914920819
cpd11585,-0.622522234788,-0.622522234788,-0.622522234788,-0.622522234788,-1.08865924936,-1.08865924936,-3.02609544682,-3.02609544682
cpd11586,-0.993109748679,-0.993109748679,-0.993109748679,-0.993109748679,-0.993109748679,-0.993109748679,-0.993109748679,-0.993109748679
cpd11587,-0.7902775012,-0.7902775012,-0.7902775012,-0.7902775012,-0.7902775012,-0.7902775012,-0.7902775012,-0.7902775012
cpd11588,-0.407602199711,-0.407602199711,-0.407602199711,-0.407602199711,-0.407602199711,-0.407602199711,-0.407602199711,-0.407602199711
cpd11589,-0.766923321627,-0.766923321627,-0.766923321627,-0.766923321627,0.246762883363,0.246762883363,0.246762883363,0.246762883363
cpd11590,-0.860782487643,-0.860782487643,-0.860782487643,-0.496501984285,-0.496501984285,-0.496501984285,-0.496501984285,-0.496501984285
cpd11591,-0.614908470518,-0.614908470518,-0.614908470518,-0.614908470518,0.937344092158,0.937344092158,0.937344092158,0.937344092158
cpd11592,-0.415858570051,-0.415858570051,-0.415858570051,-0.415858570051,1.14443113341,1.14443113341,1.14443113341,1.14443113341
cpd11593,-0.738977165722,-0.738977165722,-0.738977165722,-0.738977165722,-0.738977165722,-0.738977165722,-0.738977165722,-0.738977165722
cpd11594,-0.664221791634,-0.664221791634,-0.664221791634,-0.664221791634,0.834386447869,0.834386447869,0.834386447869,0.834386447869
cpd11595,-0.873999334167,-0.873999334167,-0.873999334167,-0.873999334167,-0.873999334167,-0.873999334167,-0.873999334167,-0.873999334167
cpd11596,-0.705348616545,-0.705348616545,-0.705348616545,-0.705348616545,-0.705348616545,-0.705348616545,-0.705348616545,-0.705348616545
cpd11597,-0.983757455254,-0.983757455254,-0.983757455254,-0.983757455254,-1.33191964928,-1.33191964928,-1.33191964928,-1.33191964928
cpd11606,-0.25630415054,-0.25630415054,-0.25630415054,-0.25630415054,-0.25630415054,-0.25630415054,-0.25630415054,-0.25630415054
cpd11640,-0.515080793508,-0.515080793508,-0.515080793508,-0.515080793508,-0.515080793508,-0.515080793508,-0.515080793508,-0.515080793508
cpd11657,-0.463195935999,-0.463195935999,-0.463195935999,-0.463195935999,-0.463195935999,-0.463195935999,-0.463195935999,-0.463195935999
cpd11658,-0.195494510045,-0.195494510045,-0.195494510045,-0.195494510045,-0.195494510045,-0.195494510045,-0.195494510045,-0.195494510045
cpd11688,-0.681467020031,-0.681467020031,-0.681467020031,-0.681467020031,-1.61115474765,-1.61115474765,-1.61115474765,-1.61115474765
cpd11732,-0.346298489811,-0.346298489811,-0.346298489811,-0.346298489811,-1.59873776817,-1.59873776817,-1.59873776817,-1.59873776817
cpd11735,-0.132111369917,-0.132111369917,-0.132111369917,-0.132111369917,-0.132111369917,-0.132111369917,-0.132111369917,-0.132111369917
cpd11748,-0.0512241515707,-0.0512241515707,-0.0512241515707,-0.0512241515707,-0.0512241515707,-0.0512241515707,-0.0512241515707,-0.0512241515707
cpd11752,-0.046050101411,-0.046050101411,-0.046050101411,-0.046050101411,-0.046050101411,-0.046050101411,-0.046050101411,-0.046050101411
cpd11851,-0.215829107632,-0.215829107632,-0.215829107632,-0.215829107632,-0.215829107632,-0.215829107632,-0.215829107632,-0.215829107632
cpd11955,-0.528389094888,-0.528389094888,-0.528389094888,-0.528389094888,-0.528389094888,-0.528389094888,-0.528389094888,-0.528389094888
cpd12115,-0.945712591675,-0.945712591675,-0.945712591675,-0.945712591675,-0.945712591675,-0.945712591675,-0.945712591675,-0.945712591675
cpd15237,-0.5103829241,-0.5103829241,-0.5103829241,-0.5103829241,-0.5103829241,-0.5103829241,-0.5103829241,-0.5103829241
cpd15269,-0.296730656371,-0.296730656371,-0.296730656371,-0.296730656371,-0.296730656371,-0.296730656371,-0.296730656371,-0.296730656371
cpd15311,-0.44028868192,-0.44028868192,-0.44028868192,-0.44028868192,-0.665136565302,-0.665136565302,-0.665136565302,-0.665136565302
cpd15352,-0.267906699637,-0.267906699637,-0.267906699637,-0.267906699637,-0.267906699637,-0.267906699637,-1.42694475545,-1.42694475545
cpd15378,-0.172165261848,-0.172165261848,-0.172165261848,-0.172165261848,-0.4025642176,-0.4025642176,-0.4025642176,-0.4025642176
cpd15494,-0.739866622367,-0.739866622367,-0.739866622367,-0.739866622367,-0.739866622367,-0.739866622367,-0.739866622367,-0.739866622367
cpd15500,-0.506627614396,-0.506627614396,-0.506627614396,-0.506627614396,-0.506627614396,-0.506627614396,-0.506627614396,-0.506627614396
cpd15560,-0.17327427819,-0.17327427819,-0.17327427819,-0.17327427819,-0.17327427819,-0.17327427819,-0.17327427819,-0.17327427819
cpd15561,-0.644706051333,-0.644706051333,-0.644706051333,-0.644706051333,-0.644706051333,-0.644706051333,-0.644706051333,-0.644706051333
cpd15603,-0.0511947866068,-0.0511947866068,-0.0511947866068,-0.0511947866068,-0.0511947866068,-0.0511947866068,-0.0511947866068,-0.0511947866068
cpd15604,-0.228456678843,-0.228456678843,-0.228456678843,-0.228456678843,-0.228456678843,-0.228456678843,-0.228456678843,-0.228456678843
cpd15605,-0.216079097625,-0.216079097625,-0.216079097625,-0.216079097625,0.0721576425797,0.0721576425797,0.0721576425797,0.0721576425797
cpd15606,-0.136137042569,-0.136137042569,-0.136137042569,-0.136137042569,-0.136137042569,-0.136137042569,-0.136137042569,-0.136137042569
cpd16062,-0.0256698898505,-0.0256698898505,-0.0256698898505,-0.0256698898505,-0.856468286985,-0.856468286985,-0.856468286985,-0.856468286985
cpd22386,-0.879784768648,-0.879784768648,-0.879784768648,-0.879784768648,-0.879784768648,-0.879784768648,-0.879784768648,-0.879784768648
cpd22387,-0.177100634064,-0.177100634064,-0.177100634064,-0.177100634064,-0.177100634064,-0.177100634064,-0.177100634064,-0.177100634064
cpd22448,-0.475857973502,-0.475857973502,-0.475857973502,-0.475857973502,-0.475857973502,-0.475857973502,-0.475857973502,-0.475857973502
cpd22518,-0.0743942833634,-0.0743942833634,-0.0743942833634,-0.0743942833634,-0.0743942833634,-0.0743942833634,-0.0743942833634,-0.0743942833634
cpd27519,-0.646112914729,-0.646112914729,-0.646112914729,-0.646112914729,-0.646112914729,-0.646112914729,-0.646112914729,-0.646112914729
cpd27835,-0.508539200317,-0.508539200317,-0.508539200317,-0.508539200317,-0.974949067222,-0.974949067222,-0.974949067222,-0.974949067222
cpd28101,-0.527741139441,-0.527741139441,-0.527741139441,-0.527741139441,-0.527741139441,-0.527741139441,-0.527741139441,-0.527741139441
cpd29253,-0.814091811604,-0.814091811604,-0.814091811604,-0.814091811604,-0.814091811604,-0.814091811604,-0.814091811604,-0.814091811604
pearson_correlation,0.0478477783051,0.0478475946165,0.0478675641406,0.0484625706264,-0.00811199125466,-0.00810632952845,-0.00895888456291,-0.00895869633667
